{"cameraMode":{"drawMode":0,"name":"Shaded","section":"Shading Mode"},"sceneLighting":true,"audioPlay":false,"sceneViewState":{"m_AlwaysRefresh":false,"showFog":true,"showSkybox":true,"showFlares":true,"showImageEffects":true,"showParticleSystems":true,"showVisualEffectGraphs":true,"m_FxEnabled":true},"in2DMode":false,"pivot":{"x":0.17926760017871858,"y":-14.246134757995606,"z":-14.503679275512696},"rotation":{"x":-0.0006079004378989339,"y":0.9792555570602417,"z":-0.20258678495883943,"w":-0.002937461482360959},"size":17.755001068115236,"orthographic":true}